-- MySQL Script generated by MySQL Workbench
-- 03/17/16 21:41:30
-- Model: New Model    Version: 1.0
-- MySQL Workbench Forward Engineering

SET @OLD_UNIQUE_CHECKS=@@UNIQUE_CHECKS, UNIQUE_CHECKS=0;
SET @OLD_FOREIGN_KEY_CHECKS=@@FOREIGN_KEY_CHECKS, FOREIGN_KEY_CHECKS=0;
SET @OLD_SQL_MODE=@@SQL_MODE, SQL_MODE='TRADITIONAL,ALLOW_INVALID_DATES';

-- -----------------------------------------------------
-- Schema sognare
-- -----------------------------------------------------

-- -----------------------------------------------------
-- Schema sognare
-- -----------------------------------------------------
CREATE SCHEMA IF NOT EXISTS `sognare` DEFAULT CHARACTER SET utf8 COLLATE utf8_general_ci ;
USE `sognare` ;

-- -----------------------------------------------------
-- Table `sognare`.`Profile`
-- -----------------------------------------------------
CREATE TABLE IF NOT EXISTS `sognare`.`Profile` (
  `id` INT UNSIGNED NOT NULL COMMENT '',
  `name` VARCHAR(20) NOT NULL COMMENT '',
  `level` INT UNSIGNED NOT NULL COMMENT '',
  PRIMARY KEY (`id`)  COMMENT '',
  UNIQUE INDEX `name_UNIQUE` (`name` ASC)  COMMENT '')
ENGINE = InnoDB;


-- -----------------------------------------------------
-- Table `sognare`.`User`
-- -----------------------------------------------------
CREATE TABLE IF NOT EXISTS `sognare`.`User` (
  `id` INT UNSIGNED NOT NULL AUTO_INCREMENT COMMENT '',
  `profile_id` INT UNSIGNED NOT NULL COMMENT '',
  `email` VARCHAR(100) NOT NULL COMMENT '',
  `password` VARCHAR(50) NOT NULL COMMENT '',
  `enabled` TINYINT(1) NOT NULL DEFAULT 1 COMMENT '',
  PRIMARY KEY (`id`)  COMMENT '',
  UNIQUE INDEX `email_UNIQUE` (`email` ASC)  COMMENT '',
  INDEX `profile_id_FK` (`profile_id` ASC)  COMMENT '',
  CONSTRAINT `User_Profile_FK`
    FOREIGN KEY (`profile_id`)
    REFERENCES `sognare`.`Profile` (`id`)
    ON DELETE NO ACTION
    ON UPDATE NO ACTION)
ENGINE = InnoDB;


-- -----------------------------------------------------
-- Table `sognare`.`Customer`
-- -----------------------------------------------------
CREATE TABLE IF NOT EXISTS `sognare`.`Customer` (
  `id` INT UNSIGNED NOT NULL AUTO_INCREMENT COMMENT '',
  `user_id` INT UNSIGNED NULL COMMENT '',
  `name` VARCHAR(100) NOT NULL COMMENT '',
  `phone` VARCHAR(15) NULL COMMENT '',
  `birth_date` DATE NULL COMMENT '',
  `enabled` TINYINT(1) NOT NULL DEFAULT 1 COMMENT '',
  PRIMARY KEY (`id`)  COMMENT '',
  INDEX `user_id_FK` (`user_id` ASC)  COMMENT '',
  UNIQUE INDEX `phone_UNIQUE` (`phone` ASC)  COMMENT '',
  CONSTRAINT `Customer_User_FK`
    FOREIGN KEY (`user_id`)
    REFERENCES `sognare`.`User` (`id`)
    ON DELETE NO ACTION
    ON UPDATE NO ACTION)
ENGINE = InnoDB;


-- -----------------------------------------------------
-- Table `sognare`.`CustomerAddress`
-- -----------------------------------------------------
CREATE TABLE IF NOT EXISTS `sognare`.`CustomerAddress` (
  `id` INT UNSIGNED NOT NULL AUTO_INCREMENT COMMENT '',
  `customer_id` INT UNSIGNED NOT NULL COMMENT '',
  `zip_code` VARCHAR(8) NOT NULL COMMENT '',
  `address` VARCHAR(255) NOT NULL COMMENT '',
  `number` INT NULL COMMENT '',
  `complement` VARCHAR(50) NULL COMMENT '',
  `neighborhood` VARCHAR(50) NOT NULL COMMENT '',
  `city` VARCHAR(50) NOT NULL COMMENT '',
  `acronym_city` CHAR(2) NOT NULL COMMENT '',
  `reference_point` VARCHAR(100) NULL COMMENT '',
  `latitude` DECIMAL(10,8) NULL COMMENT '',
  `longitude` DECIMAL(10,8) NULL COMMENT '',
  `enabled` TINYINT(1) NOT NULL DEFAULT 1 COMMENT '',
  PRIMARY KEY (`id`)  COMMENT '',
  INDEX `customer_id_FK` (`customer_id` ASC)  COMMENT '',
  CONSTRAINT `CustomerAddress_Customer_FK`
    FOREIGN KEY (`customer_id`)
    REFERENCES `sognare`.`Customer` (`id`)
    ON DELETE NO ACTION
    ON UPDATE NO ACTION)
ENGINE = InnoDB;


-- -----------------------------------------------------
-- Table `sognare`.`Ingredient`
-- -----------------------------------------------------
CREATE TABLE IF NOT EXISTS `sognare`.`Ingredient` (
  `id` INT UNSIGNED NOT NULL AUTO_INCREMENT COMMENT '',
  `name` VARCHAR(50) NOT NULL COMMENT '',
  PRIMARY KEY (`id`)  COMMENT '',
  UNIQUE INDEX `name_UNIQUE` (`name` ASC)  COMMENT '')
ENGINE = InnoDB;


-- -----------------------------------------------------
-- Table `sognare`.`DrinkType`
-- -----------------------------------------------------
CREATE TABLE IF NOT EXISTS `sognare`.`DrinkType` (
  `id` INT UNSIGNED NOT NULL AUTO_INCREMENT COMMENT '',
  `name` VARCHAR(50) NOT NULL COMMENT '',
  PRIMARY KEY (`id`)  COMMENT '',
  UNIQUE INDEX `name_UNIQUE` (`name` ASC)  COMMENT '')
ENGINE = InnoDB;


-- -----------------------------------------------------
-- Table `sognare`.`Drink`
-- -----------------------------------------------------
CREATE TABLE IF NOT EXISTS `sognare`.`Drink` (
  `id` INT UNSIGNED NOT NULL AUTO_INCREMENT COMMENT '',
  `drink_type_id` INT UNSIGNED NOT NULL COMMENT '',
  `name` VARCHAR(50) NOT NULL COMMENT '',
  `price` DECIMAL(15,2) NOT NULL COMMENT '',
  `image` VARCHAR(255) NULL COMMENT '',
  `enabled` TINYINT(1) NOT NULL DEFAULT 1 COMMENT '',
  PRIMARY KEY (`id`)  COMMENT '',
  INDEX `drink_type_id_FK` (`drink_type_id` ASC)  COMMENT '',
  UNIQUE INDEX `name_UNIQUE` (`name` ASC)  COMMENT '',
  CONSTRAINT `Drink_DrinkType_FK`
    FOREIGN KEY (`drink_type_id`)
    REFERENCES `sognare`.`DrinkType` (`id`)
    ON DELETE NO ACTION
    ON UPDATE NO ACTION)
ENGINE = InnoDB;


-- -----------------------------------------------------
-- Table `sognare`.`PizzaFlavor`
-- -----------------------------------------------------
CREATE TABLE IF NOT EXISTS `sognare`.`PizzaFlavor` (
  `id` INT UNSIGNED NOT NULL AUTO_INCREMENT COMMENT '',
  `name` VARCHAR(50) NOT NULL COMMENT '',
  `image` VARCHAR(255) NULL COMMENT '',
  `enabled` TINYINT(1) NOT NULL DEFAULT 1 COMMENT '',
  PRIMARY KEY (`id`)  COMMENT '',
  UNIQUE INDEX `name_UNIQUE` (`name` ASC)  COMMENT '')
ENGINE = InnoDB;


-- -----------------------------------------------------
-- Table `sognare`.`PizzaSize`
-- -----------------------------------------------------
CREATE TABLE IF NOT EXISTS `sognare`.`PizzaSize` (
  `id` INT UNSIGNED NOT NULL COMMENT '',
  `name` VARCHAR(50) NOT NULL COMMENT '',
  `size` INT NOT NULL COMMENT '',
  `slices` INT NOT NULL COMMENT '',
  `price` DECIMAL(15,2) NOT NULL COMMENT '',
  PRIMARY KEY (`id`)  COMMENT '',
  UNIQUE INDEX `name_UNIQUE` (`name` ASC)  COMMENT '')
ENGINE = InnoDB;


-- -----------------------------------------------------
-- Table `sognare`.`PizzaFlavorIngredient`
-- -----------------------------------------------------
CREATE TABLE IF NOT EXISTS `sognare`.`PizzaFlavorIngredient` (
  `pizza_flavor_id` INT UNSIGNED NOT NULL COMMENT '',
  `ingredient_id` INT UNSIGNED NOT NULL COMMENT '',
  PRIMARY KEY (`pizza_flavor_id`, `ingredient_id`)  COMMENT '',
  INDEX `ingredient_id_FK` (`ingredient_id` ASC)  COMMENT '',
  INDEX `pizza_flavor_id_FK` (`pizza_flavor_id` ASC)  COMMENT '',
  CONSTRAINT `PizzaFlavorIngredient_PizzaFlavor_FK`
    FOREIGN KEY (`pizza_flavor_id`)
    REFERENCES `sognare`.`PizzaFlavor` (`id`)
    ON DELETE NO ACTION
    ON UPDATE NO ACTION,
  CONSTRAINT `PizzaFlavorIngredient_Ingredient_FK`
    FOREIGN KEY (`ingredient_id`)
    REFERENCES `sognare`.`Ingredient` (`id`)
    ON DELETE NO ACTION
    ON UPDATE NO ACTION)
ENGINE = InnoDB;


-- -----------------------------------------------------
-- Table `sognare`.`Pizza`
-- -----------------------------------------------------
CREATE TABLE IF NOT EXISTS `sognare`.`Pizza` (
  `id` INT UNSIGNED NOT NULL COMMENT '',
  `pizza_flavor_id` INT UNSIGNED NOT NULL COMMENT '',
  `pizza_size_id` INT UNSIGNED NOT NULL COMMENT '',
  `price` DECIMAL(15,2) NOT NULL COMMENT '',
  `enabled` TINYINT(1) NOT NULL DEFAULT 1 COMMENT '',
  INDEX `pizza_size_id_FK` (`pizza_size_id` ASC)  COMMENT '',
  INDEX `pizza_flavor_id_FK` (`pizza_flavor_id` ASC)  COMMENT '',
  PRIMARY KEY (`id`)  COMMENT '',
  CONSTRAINT `Pizza_PizzaFlavor_FK`
    FOREIGN KEY (`pizza_flavor_id`)
    REFERENCES `sognare`.`PizzaFlavor` (`id`)
    ON DELETE NO ACTION
    ON UPDATE NO ACTION,
  CONSTRAINT `Pizza_PizzaSize_FK`
    FOREIGN KEY (`pizza_size_id`)
    REFERENCES `sognare`.`PizzaSize` (`id`)
    ON DELETE NO ACTION
    ON UPDATE NO ACTION)
ENGINE = InnoDB;


-- -----------------------------------------------------
-- Table `sognare`.`PaymentType`
-- -----------------------------------------------------
CREATE TABLE IF NOT EXISTS `sognare`.`PaymentType` (
  `id` INT NOT NULL COMMENT '',
  `name` VARCHAR(50) NOT NULL COMMENT '',
  `enabled` TINYINT(1) NOT NULL DEFAULT 1 COMMENT '',
  PRIMARY KEY (`id`)  COMMENT '',
  UNIQUE INDEX `name_UNIQUE` (`name` ASC)  COMMENT '')
ENGINE = InnoDB;


-- -----------------------------------------------------
-- Table `sognare`.`Order`
-- -----------------------------------------------------
CREATE TABLE IF NOT EXISTS `sognare`.`Order` (
  `id` INT UNSIGNED NOT NULL AUTO_INCREMENT COMMENT '',
  `balcony` TINYINT(1) NOT NULL DEFAULT 0 COMMENT '',
  `payment_type_id` INT NOT NULL COMMENT '',
  `customer_address_id` INT UNSIGNED NULL COMMENT '',
  `price` DECIMAL(15,2) NOT NULL COMMENT '',
  `discount` DECIMAL(15,2) NOT NULL DEFAULT 0.00 COMMENT '',
  `final_price` DECIMAL(15,2) NOT NULL COMMENT '',
  `change` DECIMAL(15,2) NOT NULL DEFAULT 0.00 COMMENT '',
  `delivery_price` DECIMAL(15,2) NOT NULL DEFAULT 0.00 COMMENT '',
  PRIMARY KEY (`id`)  COMMENT '',
  INDEX `payment_type_id_FK` (`payment_type_id` ASC)  COMMENT '',
  INDEX `orders_customer_address_id_FK` (`customer_address_id` ASC)  COMMENT '',
  CONSTRAINT `Order_PaymentType_FK`
    FOREIGN KEY (`payment_type_id`)
    REFERENCES `sognare`.`PaymentType` (`id`)
    ON DELETE NO ACTION
    ON UPDATE NO ACTION,
  CONSTRAINT `Order_CustomerAddress_FK`
    FOREIGN KEY (`customer_address_id`)
    REFERENCES `sognare`.`CustomerAddress` (`id`)
    ON DELETE NO ACTION
    ON UPDATE NO ACTION)
ENGINE = InnoDB;


-- -----------------------------------------------------
-- Table `sognare`.`OrderPizza`
-- -----------------------------------------------------
CREATE TABLE IF NOT EXISTS `sognare`.`OrderPizza` (
  `order_id` INT UNSIGNED NOT NULL COMMENT '',
  `pizza_id` INT UNSIGNED ZEROFILL NOT NULL COMMENT '',
  PRIMARY KEY (`order_id`, `pizza_id`)  COMMENT '',
  INDEX `pizza_id_FK` (`pizza_id` ASC)  COMMENT '',
  INDEX `order_id_FK` (`order_id` ASC)  COMMENT '',
  CONSTRAINT `OrderPizza_Order_FK`
    FOREIGN KEY (`order_id`)
    REFERENCES `sognare`.`Order` (`id`)
    ON DELETE NO ACTION
    ON UPDATE NO ACTION,
  CONSTRAINT `OrderPizza_Pizza_FK`
    FOREIGN KEY (`pizza_id`)
    REFERENCES `sognare`.`Pizza` (`id`)
    ON DELETE NO ACTION
    ON UPDATE NO ACTION)
ENGINE = InnoDB;


-- -----------------------------------------------------
-- Table `sognare`.`OrderDrink`
-- -----------------------------------------------------
CREATE TABLE IF NOT EXISTS `sognare`.`OrderDrink` (
  `order_id` INT UNSIGNED NOT NULL COMMENT '',
  `drink_id` INT UNSIGNED NOT NULL COMMENT '',
  PRIMARY KEY (`order_id`, `drink_id`)  COMMENT '',
  INDEX `drink_id_FK` (`drink_id` ASC)  COMMENT '',
  INDEX `order_id_FK` (`order_id` ASC)  COMMENT '',
  CONSTRAINT `OrdersDrink_Order_FK`
    FOREIGN KEY (`order_id`)
    REFERENCES `sognare`.`Order` (`id`)
    ON DELETE NO ACTION
    ON UPDATE NO ACTION,
  CONSTRAINT `OrdersDrink_Drink_FK`
    FOREIGN KEY (`drink_id`)
    REFERENCES `sognare`.`Drink` (`id`)
    ON DELETE NO ACTION
    ON UPDATE NO ACTION)
ENGINE = InnoDB;


-- -----------------------------------------------------
-- Table `sognare`.`OrderStatus`
-- -----------------------------------------------------
CREATE TABLE IF NOT EXISTS `sognare`.`OrderStatus` (
  `id` INT UNSIGNED NOT NULL COMMENT '',
  `description` VARCHAR(50) NOT NULL COMMENT '',
  PRIMARY KEY (`id`)  COMMENT '',
  UNIQUE INDEX `description_UNIQUE` (`description` ASC)  COMMENT '')
ENGINE = InnoDB;


-- -----------------------------------------------------
-- Table `sognare`.`OrderLog`
-- -----------------------------------------------------
CREATE TABLE IF NOT EXISTS `sognare`.`OrderLog` (
  `id` INT UNSIGNED NOT NULL AUTO_INCREMENT COMMENT '',
  `order_id` INT UNSIGNED NOT NULL COMMENT '',
  `order_status_id` INT UNSIGNED NOT NULL COMMENT '',
  `user_id` INT UNSIGNED NOT NULL COMMENT '',
  `note` VARCHAR(100) NULL COMMENT '',
  `order_log_datetime` TIMESTAMP NOT NULL DEFAULT CURRENT_TIMESTAMP COMMENT '',
  PRIMARY KEY (`id`)  COMMENT '',
  INDEX `order_id_FK` (`order_id` ASC)  COMMENT '',
  INDEX `order_status_id_FK` (`order_status_id` ASC)  COMMENT '',
  UNIQUE INDEX `order_id_order_status_id_UNIQUE` (`order_id` ASC, `order_status_id` ASC)  COMMENT '',
  INDEX `user_id_FK` (`user_id` ASC)  COMMENT '',
  CONSTRAINT `OrderLog_Order_FK`
    FOREIGN KEY (`order_id`)
    REFERENCES `sognare`.`Order` (`id`)
    ON DELETE NO ACTION
    ON UPDATE NO ACTION,
  CONSTRAINT `OrderLog_OrderStatus_FK`
    FOREIGN KEY (`order_status_id`)
    REFERENCES `sognare`.`OrderStatus` (`id`)
    ON DELETE NO ACTION
    ON UPDATE NO ACTION,
  CONSTRAINT `OrderLog_User_FK`
    FOREIGN KEY (`user_id`)
    REFERENCES `sognare`.`User` (`id`)
    ON DELETE NO ACTION
    ON UPDATE NO ACTION)
ENGINE = InnoDB;


-- -----------------------------------------------------
-- Table `sognare`.`Employer`
-- -----------------------------------------------------
CREATE TABLE IF NOT EXISTS `sognare`.`Employer` (
  `id` INT UNSIGNED NOT NULL AUTO_INCREMENT COMMENT '',
  `user_id` INT UNSIGNED NULL COMMENT '',
  `name` VARCHAR(255) NOT NULL COMMENT '',
  `phone` VARCHAR(15) NULL COMMENT '',
  `enabled` TINYINT(1) NOT NULL DEFAULT 1 COMMENT '',
  PRIMARY KEY (`id`)  COMMENT '',
  INDEX `user_id_FK` (`user_id` ASC)  COMMENT '',
  CONSTRAINT `Employer_User_FK`
    FOREIGN KEY (`user_id`)
    REFERENCES `sognare`.`User` (`id`)
    ON DELETE NO ACTION
    ON UPDATE NO ACTION)
ENGINE = InnoDB;


-- -----------------------------------------------------
-- Table `sognare`.`ZipCode`
-- -----------------------------------------------------
CREATE TABLE IF NOT EXISTS `sognare`.`ZipCode` (
  `id` INT UNSIGNED NOT NULL AUTO_INCREMENT COMMENT '',
  `zip_code` VARCHAR(8) NOT NULL COMMENT '',
  `delivery_price` DECIMAL(15,2) NOT NULL DEFAULT '2.00' COMMENT '',
  PRIMARY KEY (`id`)  COMMENT '',
  UNIQUE INDEX `zip_code_UNIQUE` (`zip_code` ASC)  COMMENT '')
ENGINE = InnoDB;


-- -----------------------------------------------------
-- Table `sognare`.`CakeType`
-- -----------------------------------------------------
CREATE TABLE IF NOT EXISTS `sognare`.`CakeType` (
  `id` INT UNSIGNED NOT NULL AUTO_INCREMENT COMMENT '',
  `name` VARCHAR(50) NOT NULL COMMENT '',
  PRIMARY KEY (`id`)  COMMENT '',
  UNIQUE INDEX `name_UNIQUE` (`name` ASC)  COMMENT '')
ENGINE = InnoDB;


-- -----------------------------------------------------
-- Table `sognare`.`Cake`
-- -----------------------------------------------------
CREATE TABLE IF NOT EXISTS `sognare`.`Cake` (
  `id` INT UNSIGNED NOT NULL AUTO_INCREMENT COMMENT '',
  `cake_type_id` INT UNSIGNED NOT NULL COMMENT '',
  `name` VARCHAR(50) NOT NULL COMMENT '',
  `price` DECIMAL(15,2) NOT NULL COMMENT '',
  `image` VARCHAR(255) NULL COMMENT '',
  `enabled` TINYINT(1) NOT NULL DEFAULT 1 COMMENT '',
  PRIMARY KEY (`id`)  COMMENT '',
  UNIQUE INDEX `name_UNIQUE` (`name` ASC)  COMMENT '',
  INDEX `cake_type_id_FK` (`cake_type_id` ASC)  COMMENT '',
  CONSTRAINT `Cake_CakeType_FK`
    FOREIGN KEY (`cake_type_id`)
    REFERENCES `sognare`.`CakeType` (`id`)
    ON DELETE NO ACTION
    ON UPDATE NO ACTION)
ENGINE = InnoDB;


-- -----------------------------------------------------
-- Table `sognare`.`OrderCake`
-- -----------------------------------------------------
CREATE TABLE IF NOT EXISTS `sognare`.`OrderCake` (
  `order_id` INT UNSIGNED NOT NULL COMMENT '',
  `cake_id` INT UNSIGNED NOT NULL COMMENT '',
  PRIMARY KEY (`order_id`, `cake_id`)  COMMENT '',
  INDEX `cake_id_FK` (`cake_id` ASC)  COMMENT '',
  INDEX `order_id_FK` (`order_id` ASC)  COMMENT '',
  CONSTRAINT `OrderCake_Order_FK`
    FOREIGN KEY (`order_id`)
    REFERENCES `sognare`.`Order` (`id`)
    ON DELETE NO ACTION
    ON UPDATE NO ACTION,
  CONSTRAINT `OrderCake_Cake_FK`
    FOREIGN KEY (`cake_id`)
    REFERENCES `sognare`.`Cake` (`id`)
    ON DELETE NO ACTION
    ON UPDATE NO ACTION)
ENGINE = InnoDB;


SET SQL_MODE=@OLD_SQL_MODE;
SET FOREIGN_KEY_CHECKS=@OLD_FOREIGN_KEY_CHECKS;
SET UNIQUE_CHECKS=@OLD_UNIQUE_CHECKS;

-- -----------------------------------------------------
-- Data for table `sognare`.`Profile`
-- -----------------------------------------------------
START TRANSACTION;
USE `sognare`;
INSERT INTO `sognare`.`Profile` (`id`, `name`, `level`) VALUES (1, 'Cliente', 10);
INSERT INTO `sognare`.`Profile` (`id`, `name`, `level`) VALUES (2, 'Entregador', 20);
INSERT INTO `sognare`.`Profile` (`id`, `name`, `level`) VALUES (3, 'Atendente', 30);
INSERT INTO `sognare`.`Profile` (`id`, `name`, `level`) VALUES (4, 'Gerente', 40);
INSERT INTO `sognare`.`Profile` (`id`, `name`, `level`) VALUES (5, 'Administrador', 50);

COMMIT;


-- -----------------------------------------------------
-- Data for table `sognare`.`User`
-- -----------------------------------------------------
START TRANSACTION;
USE `sognare`;
INSERT INTO `sognare`.`User` (`id`, `profile_id`, `email`, `password`, `enabled`) VALUES (1, 5, 'alexsilvamartinsasm@gmail.com', 'e10adc3949ba59abbe56e057f20f883e', 1);

COMMIT;


-- -----------------------------------------------------
-- Data for table `sognare`.`PizzaSize`
-- -----------------------------------------------------
START TRANSACTION;
USE `sognare`;
INSERT INTO `sognare`.`PizzaSize` (`id`, `name`, `size`, `slices`, `price`) VALUES (1, 'Pequena', 25, 6, DEFAULT);
INSERT INTO `sognare`.`PizzaSize` (`id`, `name`, `size`, `slices`, `price`) VALUES (2, 'Grande', 35, 8, DEFAULT);
INSERT INTO `sognare`.`PizzaSize` (`id`, `name`, `size`, `slices`, `price`) VALUES (3, 'Gigante', 45, 10, DEFAULT);

COMMIT;


-- -----------------------------------------------------
-- Data for table `sognare`.`PaymentType`
-- -----------------------------------------------------
START TRANSACTION;
USE `sognare`;
INSERT INTO `sognare`.`PaymentType` (`id`, `name`, `enabled`) VALUES (1, 'Dinheiro', DEFAULT);

COMMIT;


-- -----------------------------------------------------
-- Data for table `sognare`.`OrderStatus`
-- -----------------------------------------------------
START TRANSACTION;
USE `sognare`;
INSERT INTO `sognare`.`OrderStatus` (`id`, `description`) VALUES (1, 'Abrindo');
INSERT INTO `sognare`.`OrderStatus` (`id`, `description`) VALUES (2, 'Aberto');
INSERT INTO `sognare`.`OrderStatus` (`id`, `description`) VALUES (3, 'Em produção');
INSERT INTO `sognare`.`OrderStatus` (`id`, `description`) VALUES (4, 'Pronto');
INSERT INTO `sognare`.`OrderStatus` (`id`, `description`) VALUES (5, 'Em entrega');
INSERT INTO `sognare`.`OrderStatus` (`id`, `description`) VALUES (6, 'Entregue');
INSERT INTO `sognare`.`OrderStatus` (`id`, `description`) VALUES (7, 'Cancelado');
INSERT INTO `sognare`.`OrderStatus` (`id`, `description`) VALUES (8, 'Fechado');

COMMIT;


-- -----------------------------------------------------
-- Data for table `sognare`.`Ingredient`
-- -----------------------------------------------------
START TRANSACTION;
USE `sognare`;
INSERT INTO `sognare`.`Ingredient` (`id`, `name`) VALUES (1, 'mussarela');
INSERT INTO `sognare`.`Ingredient` (`id`, `name`) VALUES (2, 'alho frito');
INSERT INTO `sognare`.`Ingredient` (`id`, `name`) VALUES (3, 'cebola');
INSERT INTO `sognare`.`Ingredient` (`id`, `name`) VALUES (4, 'ovos');
INSERT INTO `sognare`.`Ingredient` (`id`, `name`) VALUES (5, 'bacon');
INSERT INTO `sognare`.`Ingredient` (`id`, `name`) VALUES (6, 'calabresa moída');
INSERT INTO `sognare`.`Ingredient` (`id`, `name`) VALUES (7, 'pimenta');
INSERT INTO `sognare`.`Ingredient` (`id`, `name`) VALUES (8, 'tomate');
INSERT INTO `sognare`.`Ingredient` (`id`, `name`) VALUES (9, 'calabresa');
INSERT INTO `sognare`.`Ingredient` (`id`, `name`) VALUES (10, 'lombo canadense');
INSERT INTO `sognare`.`Ingredient` (`id`, `name`) VALUES (11, 'champignon');
INSERT INTO `sognare`.`Ingredient` (`id`, `name`) VALUES (12, 'frango');
INSERT INTO `sognare`.`Ingredient` (`id`, `name`) VALUES (13, 'palmito');
INSERT INTO `sognare`.`Ingredient` (`id`, `name`) VALUES (14, 'manjericão');
INSERT INTO `sognare`.`Ingredient` (`id`, `name`) VALUES (15, 'parmesão');
INSERT INTO `sognare`.`Ingredient` (`id`, `name`) VALUES (16, 'presunto');
INSERT INTO `sognare`.`Ingredient` (`id`, `name`) VALUES (17, 'pimentão');
INSERT INTO `sognare`.`Ingredient` (`id`, `name`) VALUES (18, 'provolone');
INSERT INTO `sognare`.`Ingredient` (`id`, `name`) VALUES (19, 'tomate seco');
INSERT INTO `sognare`.`Ingredient` (`id`, `name`) VALUES (20, 'rúcula');
INSERT INTO `sognare`.`Ingredient` (`id`, `name`) VALUES (21, 'catupiry');
INSERT INTO `sognare`.`Ingredient` (`id`, `name`) VALUES (23, 'leite condesado');
INSERT INTO `sognare`.`Ingredient` (`id`, `name`) VALUES (24, 'banana');
INSERT INTO `sognare`.`Ingredient` (`id`, `name`) VALUES (25, 'açúcar');
INSERT INTO `sognare`.`Ingredient` (`id`, `name`) VALUES (26, 'canela');
INSERT INTO `sognare`.`Ingredient` (`id`, `name`) VALUES (27, 'chocolate');
INSERT INTO `sognare`.`Ingredient` (`id`, `name`) VALUES (28, 'morango');
INSERT INTO `sognare`.`Ingredient` (`id`, `name`) VALUES (29, 'doce de leite');
INSERT INTO `sognare`.`Ingredient` (`id`, `name`) VALUES (30, 'flocos de arroz');
INSERT INTO `sognare`.`Ingredient` (`id`, `name`) VALUES (31, 'coco ralado');
INSERT INTO `sognare`.`Ingredient` (`id`, `name`) VALUES (32, 'goiabada ');
INSERT INTO `sognare`.`Ingredient` (`id`, `name`) VALUES (33, 'atum ');
INSERT INTO `sognare`.`Ingredient` (`id`, `name`) VALUES (34, 'peito de peru');

COMMIT;

-- -----------------------------------------------------
-- Data for table `sognare`.`PizzaFlavor`
-- -----------------------------------------------------
START TRANSACTION;
USE `sognare`;
INSERT INTO `sognare`.`PizzaFlavor` (`id`, `name`, `image`, `enabled`) VALUES (1, 'Alho', NULL, DEFAULT);
INSERT INTO `sognare`.`PizzaFlavor` (`id`, `name`, `image`, `enabled`) VALUES (2, 'Atum I', NULL, DEFAULT);
INSERT INTO `sognare`.`PizzaFlavor` (`id`, `name`, `image`, `enabled`) VALUES (3, 'Atum II', NULL, DEFAULT);
INSERT INTO `sognare`.`PizzaFlavor` (`id`, `name`, `image`, `enabled`) VALUES (4, 'Bacon', NULL, DEFAULT);
INSERT INTO `sognare`.`PizzaFlavor` (`id`, `name`, `image`, `enabled`) VALUES (5, 'Baiana', NULL, DEFAULT);
INSERT INTO `sognare`.`PizzaFlavor` (`id`, `name`, `image`, `enabled`) VALUES (6, 'Bauru', NULL, DEFAULT);
INSERT INTO `sognare`.`PizzaFlavor` (`id`, `name`, `image`, `enabled`) VALUES (7, 'Calabresa I', NULL, DEFAULT);
INSERT INTO `sognare`.`PizzaFlavor` (`id`, `name`, `image`, `enabled`) VALUES (8, 'Calabresa II', NULL, DEFAULT);
INSERT INTO `sognare`.`PizzaFlavor` (`id`, `name`, `image`, `enabled`) VALUES (9, 'Canadense', NULL, DEFAULT);
INSERT INTO `sognare`.`PizzaFlavor` (`id`, `name`, `image`, `enabled`) VALUES (10, 'Champignon', NULL, DEFAULT);
INSERT INTO `sognare`.`PizzaFlavor` (`id`, `name`, `image`, `enabled`) VALUES (11, 'Frango c/ Catupiry', NULL, DEFAULT);
INSERT INTO `sognare`.`PizzaFlavor` (`id`, `name`, `image`, `enabled`) VALUES (12, 'Grega', NULL, DEFAULT);
INSERT INTO `sognare`.`PizzaFlavor` (`id`, `name`, `image`, `enabled`) VALUES (13, 'Light', NULL, DEFAULT);
INSERT INTO `sognare`.`PizzaFlavor` (`id`, `name`, `image`, `enabled`) VALUES (14, 'Marguerita', NULL, DEFAULT);
INSERT INTO `sognare`.`PizzaFlavor` (`id`, `name`, `image`, `enabled`) VALUES (15, 'Maromba', NULL, DEFAULT);
INSERT INTO `sognare`.`PizzaFlavor` (`id`, `name`, `image`, `enabled`) VALUES (16, 'Moda Cliente', NULL, DEFAULT);
INSERT INTO `sognare`.`PizzaFlavor` (`id`, `name`, `image`, `enabled`) VALUES (17, 'Mussarela', NULL, DEFAULT);
INSERT INTO `sognare`.`PizzaFlavor` (`id`, `name`, `image`, `enabled`) VALUES (18, 'Napolitana', NULL, DEFAULT);
INSERT INTO `sognare`.`PizzaFlavor` (`id`, `name`, `image`, `enabled`) VALUES (19, 'Palmito', NULL, DEFAULT);
INSERT INTO `sognare`.`PizzaFlavor` (`id`, `name`, `image`, `enabled`) VALUES (20, 'Peito de Peru', NULL, DEFAULT);
INSERT INTO `sognare`.`PizzaFlavor` (`id`, `name`, `image`, `enabled`) VALUES (21, 'Portuguesa I', NULL, DEFAULT);
INSERT INTO `sognare`.`PizzaFlavor` (`id`, `name`, `image`, `enabled`) VALUES (22, 'Portuguesa II', NULL, DEFAULT);
INSERT INTO `sognare`.`PizzaFlavor` (`id`, `name`, `image`, `enabled`) VALUES (23, 'Presunto', NULL, DEFAULT);
INSERT INTO `sognare`.`PizzaFlavor` (`id`, `name`, `image`, `enabled`) VALUES (24, 'Provolone', NULL, DEFAULT);
INSERT INTO `sognare`.`PizzaFlavor` (`id`, `name`, `image`, `enabled`) VALUES (25, 'Siciliana', NULL, DEFAULT);
INSERT INTO `sognare`.`PizzaFlavor` (`id`, `name`, `image`, `enabled`) VALUES (26, 'Sognare', NULL, DEFAULT);
INSERT INTO `sognare`.`PizzaFlavor` (`id`, `name`, `image`, `enabled`) VALUES (27, 'Tomate Seco', NULL, DEFAULT);
INSERT INTO `sognare`.`PizzaFlavor` (`id`, `name`, `image`, `enabled`) VALUES (28, '2 Queijos', NULL, DEFAULT);
INSERT INTO `sognare`.`PizzaFlavor` (`id`, `name`, `image`, `enabled`) VALUES (29, '3 Queijos', NULL, DEFAULT);
INSERT INTO `sognare`.`PizzaFlavor` (`id`, `name`, `image`, `enabled`) VALUES (30, '4 Queijos', NULL, DEFAULT);
INSERT INTO `sognare`.`PizzaFlavor` (`id`, `name`, `image`, `enabled`) VALUES (31, 'Banana', NULL, DEFAULT);
INSERT INTO `sognare`.`PizzaFlavor` (`id`, `name`, `image`, `enabled`) VALUES (32, 'Banana c/ Chocolate', NULL, DEFAULT);
INSERT INTO `sognare`.`PizzaFlavor` (`id`, `name`, `image`, `enabled`) VALUES (33, 'Chocolate', NULL, DEFAULT);
INSERT INTO `sognare`.`PizzaFlavor` (`id`, `name`, `image`, `enabled`) VALUES (34, 'Chocolate c/ Morango', NULL, DEFAULT);
INSERT INTO `sognare`.`PizzaFlavor` (`id`, `name`, `image`, `enabled`) VALUES (35, 'Chokito', NULL, DEFAULT);
INSERT INTO `sognare`.`PizzaFlavor` (`id`, `name`, `image`, `enabled`) VALUES (36, 'Prestígio', NULL, DEFAULT);
INSERT INTO `sognare`.`PizzaFlavor` (`id`, `name`, `image`, `enabled`) VALUES (37, 'Romeu e Julieta', NULL, DEFAULT);


COMMIT;

-- -----------------------------------------------------
-- Data for table `sognare`.`PizzaFlavor`
-- -----------------------------------------------------
START TRANSACTION;
USE `sognare`;

INSERT INTO `sognare`.`PizzaFlavorIngredient` (`pizza_flavor_id`, `ingredient_id`) VALUES (1, 1);
INSERT INTO `sognare`.`PizzaFlavorIngredient` (`pizza_flavor_id`, `ingredient_id`) VALUES (1, 2);

INSERT INTO `sognare`.`PizzaFlavorIngredient` (`pizza_flavor_id`, `ingredient_id`) VALUES (2, 1);
INSERT INTO `sognare`.`PizzaFlavorIngredient` (`pizza_flavor_id`, `ingredient_id`) VALUES (2, 33);
INSERT INTO `sognare`.`PizzaFlavorIngredient` (`pizza_flavor_id`, `ingredient_id`) VALUES (2, 3);

INSERT INTO `sognare`.`PizzaFlavorIngredient` (`pizza_flavor_id`, `ingredient_id`) VALUES (3, 1);
INSERT INTO `sognare`.`PizzaFlavorIngredient` (`pizza_flavor_id`, `ingredient_id`) VALUES (3, 33);
INSERT INTO `sognare`.`PizzaFlavorIngredient` (`pizza_flavor_id`, `ingredient_id`) VALUES (3, 3);
INSERT INTO `sognare`.`PizzaFlavorIngredient` (`pizza_flavor_id`, `ingredient_id`) VALUES (3, 4);

INSERT INTO `sognare`.`PizzaFlavorIngredient` (`pizza_flavor_id`, `ingredient_id`) VALUES (4, 1);
INSERT INTO `sognare`.`PizzaFlavorIngredient` (`pizza_flavor_id`, `ingredient_id`) VALUES (4, 5);

INSERT INTO `sognare`.`PizzaFlavorIngredient` (`pizza_flavor_id`, `ingredient_id`) VALUES (5, 1);
INSERT INTO `sognare`.`PizzaFlavorIngredient` (`pizza_flavor_id`, `ingredient_id`) VALUES (5, 6);
INSERT INTO `sognare`.`PizzaFlavorIngredient` (`pizza_flavor_id`, `ingredient_id`) VALUES (5, 3);
INSERT INTO `sognare`.`PizzaFlavorIngredient` (`pizza_flavor_id`, `ingredient_id`) VALUES (5, 7);

INSERT INTO `sognare`.`PizzaFlavorIngredient` (`pizza_flavor_id`, `ingredient_id`) VALUES (6, 1);
INSERT INTO `sognare`.`PizzaFlavorIngredient` (`pizza_flavor_id`, `ingredient_id`) VALUES (6, 16);
INSERT INTO `sognare`.`PizzaFlavorIngredient` (`pizza_flavor_id`, `ingredient_id`) VALUES (6, 8);

INSERT INTO `sognare`.`PizzaFlavorIngredient` (`pizza_flavor_id`, `ingredient_id`) VALUES (7, 1);
INSERT INTO `sognare`.`PizzaFlavorIngredient` (`pizza_flavor_id`, `ingredient_id`) VALUES (7, 9);
INSERT INTO `sognare`.`PizzaFlavorIngredient` (`pizza_flavor_id`, `ingredient_id`) VALUES (7, 3);

INSERT INTO `sognare`.`PizzaFlavorIngredient` (`pizza_flavor_id`, `ingredient_id`) VALUES (8, 1);
INSERT INTO `sognare`.`PizzaFlavorIngredient` (`pizza_flavor_id`, `ingredient_id`) VALUES (8, 9);
INSERT INTO `sognare`.`PizzaFlavorIngredient` (`pizza_flavor_id`, `ingredient_id`) VALUES (8, 3);
INSERT INTO `sognare`.`PizzaFlavorIngredient` (`pizza_flavor_id`, `ingredient_id`) VALUES (8, 2);

INSERT INTO `sognare`.`PizzaFlavorIngredient` (`pizza_flavor_id`, `ingredient_id`) VALUES (9, 1);
INSERT INTO `sognare`.`PizzaFlavorIngredient` (`pizza_flavor_id`, `ingredient_id`) VALUES (9, 10);

INSERT INTO `sognare`.`PizzaFlavorIngredient` (`pizza_flavor_id`, `ingredient_id`) VALUES (10, 1);
INSERT INTO `sognare`.`PizzaFlavorIngredient` (`pizza_flavor_id`, `ingredient_id`) VALUES (10, 11);

INSERT INTO `sognare`.`PizzaFlavorIngredient` (`pizza_flavor_id`, `ingredient_id`) VALUES (11, 1);
INSERT INTO `sognare`.`PizzaFlavorIngredient` (`pizza_flavor_id`, `ingredient_id`) VALUES (11, 12);
INSERT INTO `sognare`.`PizzaFlavorIngredient` (`pizza_flavor_id`, `ingredient_id`) VALUES (11, 21);

INSERT INTO `sognare`.`PizzaFlavorIngredient` (`pizza_flavor_id`, `ingredient_id`) VALUES (12, 1);
INSERT INTO `sognare`.`PizzaFlavorIngredient` (`pizza_flavor_id`, `ingredient_id`) VALUES (12, 10);
INSERT INTO `sognare`.`PizzaFlavorIngredient` (`pizza_flavor_id`, `ingredient_id`) VALUES (12, 13);
INSERT INTO `sognare`.`PizzaFlavorIngredient` (`pizza_flavor_id`, `ingredient_id`) VALUES (12, 3);

INSERT INTO `sognare`.`PizzaFlavorIngredient` (`pizza_flavor_id`, `ingredient_id`) VALUES (13, 1);
INSERT INTO `sognare`.`PizzaFlavorIngredient` (`pizza_flavor_id`, `ingredient_id`) VALUES (13, 34);

INSERT INTO `sognare`.`PizzaFlavorIngredient` (`pizza_flavor_id`, `ingredient_id`) VALUES (14, 1);
INSERT INTO `sognare`.`PizzaFlavorIngredient` (`pizza_flavor_id`, `ingredient_id`) VALUES (14, 8);
INSERT INTO `sognare`.`PizzaFlavorIngredient` (`pizza_flavor_id`, `ingredient_id`) VALUES (14, 14);
INSERT INTO `sognare`.`PizzaFlavorIngredient` (`pizza_flavor_id`, `ingredient_id`) VALUES (14, 15);

INSERT INTO `sognare`.`PizzaFlavorIngredient` (`pizza_flavor_id`, `ingredient_id`) VALUES (15, 1);
INSERT INTO `sognare`.`PizzaFlavorIngredient` (`pizza_flavor_id`, `ingredient_id`) VALUES (15, 12);
INSERT INTO `sognare`.`PizzaFlavorIngredient` (`pizza_flavor_id`, `ingredient_id`) VALUES (15, 4);
INSERT INTO `sognare`.`PizzaFlavorIngredient` (`pizza_flavor_id`, `ingredient_id`) VALUES (15, 2);



INSERT INTO `sognare`.`PizzaFlavorIngredient` (`pizza_flavor_id`, `ingredient_id`) VALUES (17, 1);

INSERT INTO `sognare`.`PizzaFlavorIngredient` (`pizza_flavor_id`, `ingredient_id`) VALUES (18, 1);
INSERT INTO `sognare`.`PizzaFlavorIngredient` (`pizza_flavor_id`, `ingredient_id`) VALUES (18, 8);
INSERT INTO `sognare`.`PizzaFlavorIngredient` (`pizza_flavor_id`, `ingredient_id`) VALUES (18, 15);

INSERT INTO `sognare`.`PizzaFlavorIngredient` (`pizza_flavor_id`, `ingredient_id`) VALUES (19, 1);
INSERT INTO `sognare`.`PizzaFlavorIngredient` (`pizza_flavor_id`, `ingredient_id`) VALUES (19, 13);

INSERT INTO `sognare`.`PizzaFlavorIngredient` (`pizza_flavor_id`, `ingredient_id`) VALUES (20, 1);
INSERT INTO `sognare`.`PizzaFlavorIngredient` (`pizza_flavor_id`, `ingredient_id`) VALUES (20, 34);

INSERT INTO `sognare`.`PizzaFlavorIngredient` (`pizza_flavor_id`, `ingredient_id`) VALUES (21, 1);
INSERT INTO `sognare`.`PizzaFlavorIngredient` (`pizza_flavor_id`, `ingredient_id`) VALUES (21, 16);
INSERT INTO `sognare`.`PizzaFlavorIngredient` (`pizza_flavor_id`, `ingredient_id`) VALUES (21, 3);
INSERT INTO `sognare`.`PizzaFlavorIngredient` (`pizza_flavor_id`, `ingredient_id`) VALUES (21, 4);

INSERT INTO `sognare`.`PizzaFlavorIngredient` (`pizza_flavor_id`, `ingredient_id`) VALUES (22, 1);
INSERT INTO `sognare`.`PizzaFlavorIngredient` (`pizza_flavor_id`, `ingredient_id`) VALUES (22, 16);
INSERT INTO `sognare`.`PizzaFlavorIngredient` (`pizza_flavor_id`, `ingredient_id`) VALUES (22, 3);
INSERT INTO `sognare`.`PizzaFlavorIngredient` (`pizza_flavor_id`, `ingredient_id`) VALUES (22, 4);
INSERT INTO `sognare`.`PizzaFlavorIngredient` (`pizza_flavor_id`, `ingredient_id`) VALUES (22, 17);
INSERT INTO `sognare`.`PizzaFlavorIngredient` (`pizza_flavor_id`, `ingredient_id`) VALUES (22, 9);

INSERT INTO `sognare`.`PizzaFlavorIngredient` (`pizza_flavor_id`, `ingredient_id`) VALUES (23, 1);
INSERT INTO `sognare`.`PizzaFlavorIngredient` (`pizza_flavor_id`, `ingredient_id`) VALUES (23, 16);

INSERT INTO `sognare`.`PizzaFlavorIngredient` (`pizza_flavor_id`, `ingredient_id`) VALUES (24, 1);
INSERT INTO `sognare`.`PizzaFlavorIngredient` (`pizza_flavor_id`, `ingredient_id`) VALUES (24, 18);

INSERT INTO `sognare`.`PizzaFlavorIngredient` (`pizza_flavor_id`, `ingredient_id`) VALUES (25, 1);
INSERT INTO `sognare`.`PizzaFlavorIngredient` (`pizza_flavor_id`, `ingredient_id`) VALUES (25, 11);
INSERT INTO `sognare`.`PizzaFlavorIngredient` (`pizza_flavor_id`, `ingredient_id`) VALUES (25, 5);

INSERT INTO `sognare`.`PizzaFlavorIngredient` (`pizza_flavor_id`, `ingredient_id`) VALUES (26, 1);
INSERT INTO `sognare`.`PizzaFlavorIngredient` (`pizza_flavor_id`, `ingredient_id`) VALUES (26, 11);
INSERT INTO `sognare`.`PizzaFlavorIngredient` (`pizza_flavor_id`, `ingredient_id`) VALUES (26, 12);
INSERT INTO `sognare`.`PizzaFlavorIngredient` (`pizza_flavor_id`, `ingredient_id`) VALUES (26, 3);

INSERT INTO `sognare`.`PizzaFlavorIngredient` (`pizza_flavor_id`, `ingredient_id`) VALUES (27, 1);
INSERT INTO `sognare`.`PizzaFlavorIngredient` (`pizza_flavor_id`, `ingredient_id`) VALUES (27, 19);
INSERT INTO `sognare`.`PizzaFlavorIngredient` (`pizza_flavor_id`, `ingredient_id`) VALUES (27, 20);

INSERT INTO `sognare`.`PizzaFlavorIngredient` (`pizza_flavor_id`, `ingredient_id`) VALUES (28, 1);
INSERT INTO `sognare`.`PizzaFlavorIngredient` (`pizza_flavor_id`, `ingredient_id`) VALUES (28, 21);

INSERT INTO `sognare`.`PizzaFlavorIngredient` (`pizza_flavor_id`, `ingredient_id`) VALUES (29, 1);
INSERT INTO `sognare`.`PizzaFlavorIngredient` (`pizza_flavor_id`, `ingredient_id`) VALUES (29, 21);
INSERT INTO `sognare`.`PizzaFlavorIngredient` (`pizza_flavor_id`, `ingredient_id`) VALUES (29, 15);

INSERT INTO `sognare`.`PizzaFlavorIngredient` (`pizza_flavor_id`, `ingredient_id`) VALUES (30, 1);
INSERT INTO `sognare`.`PizzaFlavorIngredient` (`pizza_flavor_id`, `ingredient_id`) VALUES (30, 21);
INSERT INTO `sognare`.`PizzaFlavorIngredient` (`pizza_flavor_id`, `ingredient_id`) VALUES (30, 15);
INSERT INTO `sognare`.`PizzaFlavorIngredient` (`pizza_flavor_id`, `ingredient_id`) VALUES (30, 18);

INSERT INTO `sognare`.`PizzaFlavorIngredient` (`pizza_flavor_id`, `ingredient_id`) VALUES (31, 23);
INSERT INTO `sognare`.`PizzaFlavorIngredient` (`pizza_flavor_id`, `ingredient_id`) VALUES (31, 24);
INSERT INTO `sognare`.`PizzaFlavorIngredient` (`pizza_flavor_id`, `ingredient_id`) VALUES (31, 25);
INSERT INTO `sognare`.`PizzaFlavorIngredient` (`pizza_flavor_id`, `ingredient_id`) VALUES (31, 26);

INSERT INTO `sognare`.`PizzaFlavorIngredient` (`pizza_flavor_id`, `ingredient_id`) VALUES (32, 24);
INSERT INTO `sognare`.`PizzaFlavorIngredient` (`pizza_flavor_id`, `ingredient_id`) VALUES (32, 27);

INSERT INTO `sognare`.`PizzaFlavorIngredient` (`pizza_flavor_id`, `ingredient_id`) VALUES (33, 27);

INSERT INTO `sognare`.`PizzaFlavorIngredient` (`pizza_flavor_id`, `ingredient_id`) VALUES (34, 27);
INSERT INTO `sognare`.`PizzaFlavorIngredient` (`pizza_flavor_id`, `ingredient_id`) VALUES (34, 28);

INSERT INTO `sognare`.`PizzaFlavorIngredient` (`pizza_flavor_id`, `ingredient_id`) VALUES (35, 27);
INSERT INTO `sognare`.`PizzaFlavorIngredient` (`pizza_flavor_id`, `ingredient_id`) VALUES (35, 29);
INSERT INTO `sognare`.`PizzaFlavorIngredient` (`pizza_flavor_id`, `ingredient_id`) VALUES (35, 30);

INSERT INTO `sognare`.`PizzaFlavorIngredient` (`pizza_flavor_id`, `ingredient_id`) VALUES (36, 27);
INSERT INTO `sognare`.`PizzaFlavorIngredient` (`pizza_flavor_id`, `ingredient_id`) VALUES (36, 31);

INSERT INTO `sognare`.`PizzaFlavorIngredient` (`pizza_flavor_id`, `ingredient_id`) VALUES (37, 1);
INSERT INTO `sognare`.`PizzaFlavorIngredient` (`pizza_flavor_id`, `ingredient_id`) VALUES (37, 32);
INSERT INTO `sognare`.`PizzaFlavorIngredient` (`pizza_flavor_id`, `ingredient_id`) VALUES (37, 26);

COMMIT;

-- -----------------------------------------------------
-- Data for table `sognare`.`Pizza`
-- -----------------------------------------------------
START TRANSACTION;
USE `sognare`;

INSERT INTO `sognare`.`Pizza` (`id`, `pizza_flavor_id`, `pizza_size_id`, `price`, `enabled`) VALUES (1, 1, 1, 16.9, DEFAULT);
INSERT INTO `sognare`.`Pizza` (`id`, `pizza_flavor_id`, `pizza_size_id`, `price`, `enabled`) VALUES (2, 1, 2, 26.9, DEFAULT);
INSERT INTO `sognare`.`Pizza` (`id`, `pizza_flavor_id`, `pizza_size_id`, `price`, `enabled`) VALUES (3, 1, 3, 36.9, DEFAULT);

INSERT INTO `sognare`.`Pizza` (`id`, `pizza_flavor_id`, `pizza_size_id`, `price`, `enabled`) VALUES (4, 2, 1, 18.9, DEFAULT);
INSERT INTO `sognare`.`Pizza` (`id`, `pizza_flavor_id`, `pizza_size_id`, `price`, `enabled`) VALUES (5, 2, 2, 28.9, DEFAULT);
INSERT INTO `sognare`.`Pizza` (`id`, `pizza_flavor_id`, `pizza_size_id`, `price`, `enabled`) VALUES (6, 2, 3, 38.9, DEFAULT);

INSERT INTO `sognare`.`Pizza` (`id`, `pizza_flavor_id`, `pizza_size_id`, `price`, `enabled`) VALUES (7, 3, 1, 19.9, DEFAULT);
INSERT INTO `sognare`.`Pizza` (`id`, `pizza_flavor_id`, `pizza_size_id`, `price`, `enabled`) VALUES (8, 3, 2, 29.9, DEFAULT);
INSERT INTO `sognare`.`Pizza` (`id`, `pizza_flavor_id`, `pizza_size_id`, `price`, `enabled`) VALUES (9, 3, 3, 39.9, DEFAULT);

INSERT INTO `sognare`.`Pizza` (`id`, `pizza_flavor_id`, `pizza_size_id`, `price`, `enabled`) VALUES (10, 4, 1, 17.9, DEFAULT);
INSERT INTO `sognare`.`Pizza` (`id`, `pizza_flavor_id`, `pizza_size_id`, `price`, `enabled`) VALUES (11, 4, 2, 27.9, DEFAULT);
INSERT INTO `sognare`.`Pizza` (`id`, `pizza_flavor_id`, `pizza_size_id`, `price`, `enabled`) VALUES (12, 4, 3, 37.9, DEFAULT);

INSERT INTO `sognare`.`Pizza` (`id`, `pizza_flavor_id`, `pizza_size_id`, `price`, `enabled`) VALUES (13, 5, 1, 18.9, DEFAULT);
INSERT INTO `sognare`.`Pizza` (`id`, `pizza_flavor_id`, `pizza_size_id`, `price`, `enabled`) VALUES (14, 5, 2, 28.9, DEFAULT);
INSERT INTO `sognare`.`Pizza` (`id`, `pizza_flavor_id`, `pizza_size_id`, `price`, `enabled`) VALUES (15, 5, 3, 38.9, DEFAULT);

INSERT INTO `sognare`.`Pizza` (`id`, `pizza_flavor_id`, `pizza_size_id`, `price`, `enabled`) VALUES (16, 6, 1, 18.9, DEFAULT);
INSERT INTO `sognare`.`Pizza` (`id`, `pizza_flavor_id`, `pizza_size_id`, `price`, `enabled`) VALUES (17, 6, 2, 28.9, DEFAULT);
INSERT INTO `sognare`.`Pizza` (`id`, `pizza_flavor_id`, `pizza_size_id`, `price`, `enabled`) VALUES (18, 6, 3, 38.9, DEFAULT);

INSERT INTO `sognare`.`Pizza` (`id`, `pizza_flavor_id`, `pizza_size_id`, `price`, `enabled`) VALUES (19, 7, 1, 18.9, DEFAULT);
INSERT INTO `sognare`.`Pizza` (`id`, `pizza_flavor_id`, `pizza_size_id`, `price`, `enabled`) VALUES (20, 7, 2, 28.9, DEFAULT);
INSERT INTO `sognare`.`Pizza` (`id`, `pizza_flavor_id`, `pizza_size_id`, `price`, `enabled`) VALUES (21, 7, 3, 38.9, DEFAULT);

INSERT INTO `sognare`.`Pizza` (`id`, `pizza_flavor_id`, `pizza_size_id`, `price`, `enabled`) VALUES (22, 8, 1, 19.9, DEFAULT);
INSERT INTO `sognare`.`Pizza` (`id`, `pizza_flavor_id`, `pizza_size_id`, `price`, `enabled`) VALUES (23, 8, 2, 29.9, DEFAULT);
INSERT INTO `sognare`.`Pizza` (`id`, `pizza_flavor_id`, `pizza_size_id`, `price`, `enabled`) VALUES (24, 8, 3, 39.9, DEFAULT);

INSERT INTO `sognare`.`Pizza` (`id`, `pizza_flavor_id`, `pizza_size_id`, `price`, `enabled`) VALUES (25, 9, 1, 20.9, DEFAULT);
INSERT INTO `sognare`.`Pizza` (`id`, `pizza_flavor_id`, `pizza_size_id`, `price`, `enabled`) VALUES (26, 9, 2, 40.9, DEFAULT);
INSERT INTO `sognare`.`Pizza` (`id`, `pizza_flavor_id`, `pizza_size_id`, `price`, `enabled`) VALUES (27, 9, 3, 40.9, DEFAULT);

INSERT INTO `sognare`.`Pizza` (`id`, `pizza_flavor_id`, `pizza_size_id`, `price`, `enabled`) VALUES (28, 10, 1, 17.9, DEFAULT);
INSERT INTO `sognare`.`Pizza` (`id`, `pizza_flavor_id`, `pizza_size_id`, `price`, `enabled`) VALUES (29, 10, 2, 27.9, DEFAULT);
INSERT INTO `sognare`.`Pizza` (`id`, `pizza_flavor_id`, `pizza_size_id`, `price`, `enabled`) VALUES (30, 10, 3, 37.9, DEFAULT);

INSERT INTO `sognare`.`Pizza` (`id`, `pizza_flavor_id`, `pizza_size_id`, `price`, `enabled`) VALUES (31, 11, 1, 20.9, DEFAULT);
INSERT INTO `sognare`.`Pizza` (`id`, `pizza_flavor_id`, `pizza_size_id`, `price`, `enabled`) VALUES (32, 11, 2, 40.9, DEFAULT);
INSERT INTO `sognare`.`Pizza` (`id`, `pizza_flavor_id`, `pizza_size_id`, `price`, `enabled`) VALUES (33, 11, 3, 40.9, DEFAULT);

INSERT INTO `sognare`.`Pizza` (`id`, `pizza_flavor_id`, `pizza_size_id`, `price`, `enabled`) VALUES (34, 12, 1, 21.9, DEFAULT);
INSERT INTO `sognare`.`Pizza` (`id`, `pizza_flavor_id`, `pizza_size_id`, `price`, `enabled`) VALUES (35, 12, 2, 31.9, DEFAULT);
INSERT INTO `sognare`.`Pizza` (`id`, `pizza_flavor_id`, `pizza_size_id`, `price`, `enabled`) VALUES (36, 12, 3, 41.9, DEFAULT);

INSERT INTO `sognare`.`Pizza` (`id`, `pizza_flavor_id`, `pizza_size_id`, `price`, `enabled`) VALUES (37, 13, 1, 22.9, DEFAULT);
INSERT INTO `sognare`.`Pizza` (`id`, `pizza_flavor_id`, `pizza_size_id`, `price`, `enabled`) VALUES (38, 13, 2, 32.9, DEFAULT);
INSERT INTO `sognare`.`Pizza` (`id`, `pizza_flavor_id`, `pizza_size_id`, `price`, `enabled`) VALUES (39, 13, 3, 42.9, DEFAULT);

INSERT INTO `sognare`.`Pizza` (`id`, `pizza_flavor_id`, `pizza_size_id`, `price`, `enabled`) VALUES (40, 14, 1, 17.9, DEFAULT);
INSERT INTO `sognare`.`Pizza` (`id`, `pizza_flavor_id`, `pizza_size_id`, `price`, `enabled`) VALUES (41, 14, 2, 27.9, DEFAULT);
INSERT INTO `sognare`.`Pizza` (`id`, `pizza_flavor_id`, `pizza_size_id`, `price`, `enabled`) VALUES (42, 14, 3, 37.9, DEFAULT);

INSERT INTO `sognare`.`Pizza` (`id`, `pizza_flavor_id`, `pizza_size_id`, `price`, `enabled`) VALUES (43, 15, 1, 21.9, DEFAULT);
INSERT INTO `sognare`.`Pizza` (`id`, `pizza_flavor_id`, `pizza_size_id`, `price`, `enabled`) VALUES (44, 15, 2, 31.9, DEFAULT);
INSERT INTO `sognare`.`Pizza` (`id`, `pizza_flavor_id`, `pizza_size_id`, `price`, `enabled`) VALUES (45, 15, 3, 41.9, DEFAULT);

INSERT INTO `sognare`.`Pizza` (`id`, `pizza_flavor_id`, `pizza_size_id`, `price`, `enabled`) VALUES (46, 16, 1, 23.9, DEFAULT);
INSERT INTO `sognare`.`Pizza` (`id`, `pizza_flavor_id`, `pizza_size_id`, `price`, `enabled`) VALUES (47, 16, 2, 33.9, DEFAULT);
INSERT INTO `sognare`.`Pizza` (`id`, `pizza_flavor_id`, `pizza_size_id`, `price`, `enabled`) VALUES (48, 16, 3, 43.9, DEFAULT);

INSERT INTO `sognare`.`Pizza` (`id`, `pizza_flavor_id`, `pizza_size_id`, `price`, `enabled`) VALUES (49, 17, 1, 15.9, DEFAULT);
INSERT INTO `sognare`.`Pizza` (`id`, `pizza_flavor_id`, `pizza_size_id`, `price`, `enabled`) VALUES (50, 17, 2, 25.9, DEFAULT);
INSERT INTO `sognare`.`Pizza` (`id`, `pizza_flavor_id`, `pizza_size_id`, `price`, `enabled`) VALUES (51, 17, 3, 35.9, DEFAULT);

INSERT INTO `sognare`.`Pizza` (`id`, `pizza_flavor_id`, `pizza_size_id`, `price`, `enabled`) VALUES (52, 18, 1, 16.9, DEFAULT);
INSERT INTO `sognare`.`Pizza` (`id`, `pizza_flavor_id`, `pizza_size_id`, `price`, `enabled`) VALUES (53, 18, 2, 26.9, DEFAULT);
INSERT INTO `sognare`.`Pizza` (`id`, `pizza_flavor_id`, `pizza_size_id`, `price`, `enabled`) VALUES (54, 18, 3, 36.9, DEFAULT);

INSERT INTO `sognare`.`Pizza` (`id`, `pizza_flavor_id`, `pizza_size_id`, `price`, `enabled`) VALUES (55, 19, 1, 17.9, DEFAULT);
INSERT INTO `sognare`.`Pizza` (`id`, `pizza_flavor_id`, `pizza_size_id`, `price`, `enabled`) VALUES (56, 19, 2, 27.9, DEFAULT);
INSERT INTO `sognare`.`Pizza` (`id`, `pizza_flavor_id`, `pizza_size_id`, `price`, `enabled`) VALUES (57, 19, 3, 37.9, DEFAULT);

INSERT INTO `sognare`.`Pizza` (`id`, `pizza_flavor_id`, `pizza_size_id`, `price`, `enabled`) VALUES (58, 20, 1, 20.9, DEFAULT);
INSERT INTO `sognare`.`Pizza` (`id`, `pizza_flavor_id`, `pizza_size_id`, `price`, `enabled`) VALUES (59, 20, 2, 30.9, DEFAULT);
INSERT INTO `sognare`.`Pizza` (`id`, `pizza_flavor_id`, `pizza_size_id`, `price`, `enabled`) VALUES (60, 20, 3, 40.9, DEFAULT);

INSERT INTO `sognare`.`Pizza` (`id`, `pizza_flavor_id`, `pizza_size_id`, `price`, `enabled`) VALUES (61, 21, 1, 18.9, DEFAULT);
INSERT INTO `sognare`.`Pizza` (`id`, `pizza_flavor_id`, `pizza_size_id`, `price`, `enabled`) VALUES (62, 21, 2, 28.9, DEFAULT);
INSERT INTO `sognare`.`Pizza` (`id`, `pizza_flavor_id`, `pizza_size_id`, `price`, `enabled`) VALUES (63, 21, 3, 38.9, DEFAULT);

INSERT INTO `sognare`.`Pizza` (`id`, `pizza_flavor_id`, `pizza_size_id`, `price`, `enabled`) VALUES (64, 22, 1, 19.9, DEFAULT);
INSERT INTO `sognare`.`Pizza` (`id`, `pizza_flavor_id`, `pizza_size_id`, `price`, `enabled`) VALUES (65, 22, 2, 29.9, DEFAULT);
INSERT INTO `sognare`.`Pizza` (`id`, `pizza_flavor_id`, `pizza_size_id`, `price`, `enabled`) VALUES (66, 22, 3, 39.9, DEFAULT);

INSERT INTO `sognare`.`Pizza` (`id`, `pizza_flavor_id`, `pizza_size_id`, `price`, `enabled`) VALUES (67, 23, 1, 17.9, DEFAULT);
INSERT INTO `sognare`.`Pizza` (`id`, `pizza_flavor_id`, `pizza_size_id`, `price`, `enabled`) VALUES (68, 23, 2, 27.9, DEFAULT);
INSERT INTO `sognare`.`Pizza` (`id`, `pizza_flavor_id`, `pizza_size_id`, `price`, `enabled`) VALUES (69, 23, 3, 37.9, DEFAULT);

INSERT INTO `sognare`.`Pizza` (`id`, `pizza_flavor_id`, `pizza_size_id`, `price`, `enabled`) VALUES (70, 24, 1, 17.9, DEFAULT);
INSERT INTO `sognare`.`Pizza` (`id`, `pizza_flavor_id`, `pizza_size_id`, `price`, `enabled`) VALUES (71, 24, 2, 27.9, DEFAULT);
INSERT INTO `sognare`.`Pizza` (`id`, `pizza_flavor_id`, `pizza_size_id`, `price`, `enabled`) VALUES (72, 24, 3, 37.9, DEFAULT);

INSERT INTO `sognare`.`Pizza` (`id`, `pizza_flavor_id`, `pizza_size_id`, `price`, `enabled`) VALUES (73, 25, 1, 21.9, DEFAULT);
INSERT INTO `sognare`.`Pizza` (`id`, `pizza_flavor_id`, `pizza_size_id`, `price`, `enabled`) VALUES (74, 25, 2, 31.9, DEFAULT);
INSERT INTO `sognare`.`Pizza` (`id`, `pizza_flavor_id`, `pizza_size_id`, `price`, `enabled`) VALUES (75, 25, 3, 41.9, DEFAULT);

INSERT INTO `sognare`.`Pizza` (`id`, `pizza_flavor_id`, `pizza_size_id`, `price`, `enabled`) VALUES (76, 26, 1, 22.9, DEFAULT);
INSERT INTO `sognare`.`Pizza` (`id`, `pizza_flavor_id`, `pizza_size_id`, `price`, `enabled`) VALUES (77, 26, 2, 32.9, DEFAULT);
INSERT INTO `sognare`.`Pizza` (`id`, `pizza_flavor_id`, `pizza_size_id`, `price`, `enabled`) VALUES (78, 26, 3, 42.9, DEFAULT);

INSERT INTO `sognare`.`Pizza` (`id`, `pizza_flavor_id`, `pizza_size_id`, `price`, `enabled`) VALUES (79, 27, 1, 23.9, DEFAULT);
INSERT INTO `sognare`.`Pizza` (`id`, `pizza_flavor_id`, `pizza_size_id`, `price`, `enabled`) VALUES (80, 27, 2, 33.9, DEFAULT);
INSERT INTO `sognare`.`Pizza` (`id`, `pizza_flavor_id`, `pizza_size_id`, `price`, `enabled`) VALUES (81, 27, 3, 43.9, DEFAULT);

INSERT INTO `sognare`.`Pizza` (`id`, `pizza_flavor_id`, `pizza_size_id`, `price`, `enabled`) VALUES (82, 28, 1, 16.9, DEFAULT);
INSERT INTO `sognare`.`Pizza` (`id`, `pizza_flavor_id`, `pizza_size_id`, `price`, `enabled`) VALUES (83, 28, 2, 26.9, DEFAULT);
INSERT INTO `sognare`.`Pizza` (`id`, `pizza_flavor_id`, `pizza_size_id`, `price`, `enabled`) VALUES (84, 28, 3, 36.9, DEFAULT);

INSERT INTO `sognare`.`Pizza` (`id`, `pizza_flavor_id`, `pizza_size_id`, `price`, `enabled`) VALUES (85, 29, 1, 17.9, DEFAULT);
INSERT INTO `sognare`.`Pizza` (`id`, `pizza_flavor_id`, `pizza_size_id`, `price`, `enabled`) VALUES (86, 29, 2, 27.9, DEFAULT);
INSERT INTO `sognare`.`Pizza` (`id`, `pizza_flavor_id`, `pizza_size_id`, `price`, `enabled`) VALUES (87, 29, 3, 37.9, DEFAULT);

INSERT INTO `sognare`.`Pizza` (`id`, `pizza_flavor_id`, `pizza_size_id`, `price`, `enabled`) VALUES (88, 30, 1, 18.9, DEFAULT);
INSERT INTO `sognare`.`Pizza` (`id`, `pizza_flavor_id`, `pizza_size_id`, `price`, `enabled`) VALUES (89, 30, 2, 28.9, DEFAULT);
INSERT INTO `sognare`.`Pizza` (`id`, `pizza_flavor_id`, `pizza_size_id`, `price`, `enabled`) VALUES (90, 30, 3, 38.9, DEFAULT);

INSERT INTO `sognare`.`Pizza` (`id`, `pizza_flavor_id`, `pizza_size_id`, `price`, `enabled`) VALUES (91, 31, 1, 15.9, DEFAULT);
INSERT INTO `sognare`.`Pizza` (`id`, `pizza_flavor_id`, `pizza_size_id`, `price`, `enabled`) VALUES (92, 32, 1, 18.9, DEFAULT);
INSERT INTO `sognare`.`Pizza` (`id`, `pizza_flavor_id`, `pizza_size_id`, `price`, `enabled`) VALUES (93, 33, 1, 16.9, DEFAULT);
INSERT INTO `sognare`.`Pizza` (`id`, `pizza_flavor_id`, `pizza_size_id`, `price`, `enabled`) VALUES (94, 34, 1, 19.9, DEFAULT);
INSERT INTO `sognare`.`Pizza` (`id`, `pizza_flavor_id`, `pizza_size_id`, `price`, `enabled`) VALUES (95, 35, 1, 19.9, DEFAULT);
INSERT INTO `sognare`.`Pizza` (`id`, `pizza_flavor_id`, `pizza_size_id`, `price`, `enabled`) VALUES (96, 36, 1, 17.9, DEFAULT);
INSERT INTO `sognare`.`Pizza` (`id`, `pizza_flavor_id`, `pizza_size_id`, `price`, `enabled`) VALUES (97, 37, 1, 18.9, DEFAULT);

INSERT INTO `sognare`.`Pizza` (`id`, `pizza_flavor_id`, `pizza_size_id`, `price`, `enabled`) VALUES (98, 31, 2, 25.9, DEFAULT);
INSERT INTO `sognare`.`Pizza` (`id`, `pizza_flavor_id`, `pizza_size_id`, `price`, `enabled`) VALUES (99, 32, 2, 28.9, DEFAULT);
INSERT INTO `sognare`.`Pizza` (`id`, `pizza_flavor_id`, `pizza_size_id`, `price`, `enabled`) VALUES (100, 33, 2, 26.9, DEFAULT);
INSERT INTO `sognare`.`Pizza` (`id`, `pizza_flavor_id`, `pizza_size_id`, `price`, `enabled`) VALUES (101, 34, 2, 29.9, DEFAULT);
INSERT INTO `sognare`.`Pizza` (`id`, `pizza_flavor_id`, `pizza_size_id`, `price`, `enabled`) VALUES (102, 35, 2, 29.9, DEFAULT);
INSERT INTO `sognare`.`Pizza` (`id`, `pizza_flavor_id`, `pizza_size_id`, `price`, `enabled`) VALUES (103, 36, 2, 27.9, DEFAULT);
INSERT INTO `sognare`.`Pizza` (`id`, `pizza_flavor_id`, `pizza_size_id`, `price`, `enabled`) VALUES (104, 37, 2, 28.9, DEFAULT);

INSERT INTO `sognare`.`Pizza` (`id`, `pizza_flavor_id`, `pizza_size_id`, `price`, `enabled`) VALUES (105, 31, 3, 35.9, DEFAULT);
INSERT INTO `sognare`.`Pizza` (`id`, `pizza_flavor_id`, `pizza_size_id`, `price`, `enabled`) VALUES (106, 32, 3, 38.9, DEFAULT);
INSERT INTO `sognare`.`Pizza` (`id`, `pizza_flavor_id`, `pizza_size_id`, `price`, `enabled`) VALUES (107, 33, 3, 36.9, DEFAULT);
INSERT INTO `sognare`.`Pizza` (`id`, `pizza_flavor_id`, `pizza_size_id`, `price`, `enabled`) VALUES (108, 34, 3, 39.9, DEFAULT);
INSERT INTO `sognare`.`Pizza` (`id`, `pizza_flavor_id`, `pizza_size_id`, `price`, `enabled`) VALUES (109, 35, 3, 39.9, DEFAULT);
INSERT INTO `sognare`.`Pizza` (`id`, `pizza_flavor_id`, `pizza_size_id`, `price`, `enabled`) VALUES (110, 36, 3, 37.9, DEFAULT);
INSERT INTO `sognare`.`Pizza` (`id`, `pizza_flavor_id`, `pizza_size_id`, `price`, `enabled`) VALUES (111, 37, 3, 38.9, DEFAULT);

COMMIT;